conversation id,subreddit,post title,author,dialog turn,text,compound,sentiment,emotion prediction,ground_truth_satisfaction,ground_truth_engagement
618,MentalHealthSupport,Anyone else frustrated by this?,RoseBunny8,1,"So I posted yesterday that I'm in a relapse of my depression. Today was a lot better than yesterday, which is good.   I'm just wondering if anyone else gets frustrated when people/friends say something to the effect of ""oh I understand needing mental health days"" or ""I've been depressed sometimes too""?  Like I get theyre trying to be helpful and relate to me but having life long depression where every day your fighting your own brain is not the same as needing a ""mental health day"".   Yes I'm doing better today, but better here does not mean I'm all good and everything is solved. It means that I'm having a relatively good day where I can stay awake for more than an hour at a time and it doesnt feeling like every waking moment my brain is not telling me to kill myself or how much I suck.   How does everyone else respond to these well meaning ""I get it"" messages when you really feel like they don't? Do you just smile and nod or try to help them truly understand?",0.9436,positive,joyful,1,1
618,MentalHealthSupport,Anyone else frustrated by this?,minormanic47,2,"I tried to explain to my dad that I was having a mental breakdown. He tried to be relatable and say he gets anxiety and depression sometimes.   I know he meant well, but I got so angry with him that I ran away. It wasn't until I was hooked up to an IV in the ER from a heat stroke that he realized any normal personal would not have done what I did. Sometimes it takes drastic measures to get their attention.",-0.8407,negative,anxious,1,1
618,MentalHealthSupport,Anyone else frustrated by this?,RoseBunny8,3,"I'm sorry you had to go through that. I don't get why when we tell people ""hey I'm not good"" they don't take us seriously and it takes extreme measures to get the message across. Its pretty messed up in my opinion. It's like we try to communicate how bad we are before it gets that bad to get help, but we don't get the help we need until it gets that bad. Hope youre doing better!",-0.3233,negative,anxious,1,1
618,MentalHealthSupport,Anyone else frustrated by this?,minormanic47,4,"Yes, it shouldn't take drastic measures for parents to recognize depression and anxiety.",-0.4019,negative,sentimental,1,1
1340,MentalHealthSupport,I have to keep myself busy to not get sad but the stress from not relaxing is taking a toll on me.,TerryCrewsLovesYaoi,1,"Im 18 and currently in highschool. I enjoy it but it's tough so I study a lot at home in order to keep my grades up.I also work part time at a fast food restaurant and I'm currently in training to become a manager which is very exciting and would be great to have on my resume so I'm working very hard. Often 25-35 hour weeks. There are also a bunch of tests and things that I have to do at home in order to become a verified manager so my days are usually packed.  I'm also doing what I can to finish homework and get passing grades in school. I promised myself before I took the job a year ago that I can't let it get in the way of my education.  Over all I work and study for a total of 70-90 hours every week and have done so for a few months (not counting the summer ofc). I have fun at work and school and I finish things in time but I have noticed myself becoming tired, sad and stressed whenever I have free time. I also fear I'm no longer fun to be with because of my lack of energy and whenever I'm in social situations outside of school and work, I become tired and sorta quite fast. Whenever I'm by myself watching TV or playing video games or whatever I do to relax, I get anxiety and become super stressed. This started happening a few months ago but it's been gradually becoming worse.  Whenever I actually get an opportunity to relax, I feel myself becoming stressed and sad so I find something else to do. I'm now always trying to keep myself busy in order to not get anxious but not taking the time to sleep and relax is obviously making the stress worse.  I feel like I'm in a bad loop where I have to keep myself busy all the time but I'm stressed out over not having enough time to relax.  I haven't talked to anybody about this. Any advice is appreciated!  Thank you.",0.5572,positive,anticipating,1,1
1340,MentalHealthSupport,I have to keep myself busy to not get sad but the stress from not relaxing is taking a toll on me.,TheBassClarinetBoy,2,"Hey friend. I‚Äôm a junior in high school, so I get it. Homework and managing it sucks, for sure. Don‚Äôt be afraid to give yourself a short break if you need to. May I ask what stresses you and makes you sad?",-0.4767,negative,grateful,1,1
1340,MentalHealthSupport,I have to keep myself busy to not get sad but the stress from not relaxing is taking a toll on me.,TerryCrewsLovesYaoi,3,Thank you. I don't know. I really don't have any idea why I'm stressed out even when I have nothing to do. It's like stress won't go away whatever I do.,-0.0516,negative,joyful,1,1
1340,MentalHealthSupport,I have to keep myself busy to not get sad but the stress from not relaxing is taking a toll on me.,TheBassClarinetBoy,4,"Ok. You need to talk with your friends about this. Keeping it all a secret is doing nothing to help you, it will only make things worse. Go to your school counselor as well, they‚Äôll be able to help you or refer you to someone else in the building who can",0.3699,positive,sentimental,1,1
1352,MentalHealthSupport,I‚Äôm really struggling here. Im a compulsive liar,solaratlantas,1,I‚Äôm really trying to fight the urge to lie but its so hard. Its a crutch and a mask at the same time. I don‚Äôt want to be evil or a bad person and i fear i am. You cant talk to anyone about it because they will never believe you again. I got myself stuck in a lie at school and now i feel trapped. No one found out yet and it wasn‚Äôt even a big deal but im fucking sobbing. I need help or atleast someone to talk to. Im so anxious i feel like a horrible person. Please help im so sorry for everything,-0.9841,negative,lonely,1,1
1352,MentalHealthSupport,I‚Äôm really struggling here. Im a compulsive liar,jungle_toad,2,"If lying has only managed to get you stuck in a trap, then what good is lying?",-0.802,negative,sentimental,1,1
1352,MentalHealthSupport,I‚Äôm really struggling here. Im a compulsive liar,solaratlantas,3,Thank you really thank you. No one ever treats my problem with kindness so i really do appreciate it. Im not sure how im gonna own up to this it just feels so horrible im gonna sleep on it and see what i can do tommorrow. Im also starting therapy to help this. Thank you again,0.6404,positive,lonely,1,1
1048,MentalHealthSupport,I'm getting a bit worried,ChocoMilk996,1,"Hello, everyone. Is it normal for me to pick at my skin multiple times a day? I have acne and I can't get my hands off my face or even the rest of my body. I pick at my scabs to the point of drawing blood sometimes and it's strange but oddly satisfying in a way. It's caused me a lot of scarring and I think it only makes the picking worse. I had a similar habit in the past as a kid when I would pluck out my hair and eyelashes, but I eventually controlled those urges. I find that playing games keeps my hands occupied but not for long. Tomorrow I'm heading to the store for a stress ball maybe that could help. What do you guys think?",0.2168,positive,grateful,1,1
1048,MentalHealthSupport,I'm getting a bit worried,hpnerd2,2,"Hello! It may just be a bad habit, but there‚Äôs also a name for a mental illness for this. (I‚Äôm a psych major so I‚Äôve studied it before in college). The name of it is Excoriation disorder. It may help to research it. BUT if it is just a habit, I‚Äôve had it as one (never the disorder). For me, I had to self examine to see why I was doing it. I learned it as a coping skill when my anxiety got too much. Whenever I noticed it happening, I told myself to stop. Over time, it got easier. I tended to do it on my arms and fingers so I wear longer sleeves and paint my nails really nice too. So for your face, you could try makeup or just being proud of a really good skin routine. That way your mind is like wait I don‚Äôt want to ruin what I‚Äôve been working on. You‚Äôre strong! You can do it! I‚Äôm here if you need to talk it out more!",0.9396,positive,grateful,1,1
1048,MentalHealthSupport,I'm getting a bit worried,ChocoMilk996,3,Thank you so much! Today I cut and painted my nails so hopefully that can help :)),0.7835,positive,sentimental,1,1
1048,MentalHealthSupport,I'm getting a bit worried,hpnerd2,4,No problem! I hope it does too!,0.6948,positive,faithful,1,1
670,MentalHealthSupport,Pyromania?..,_HiddenMask_,1,"I have recently spoken to a phsyciatrist (forced :) about these issues and he recommended admitting me into a hospital out of safety reasons. Of course because of pricing being high we couldn't really say no or yes until we're sure it's absolutely necessary.   So lately for the past what.. About a month or two? I've been using fire as an outlet. Burning things began with candles and went onto paper, then notebooks, and now books as large as dictionaries. I won't really go into detail on emotions during the moments, but I know it helps. Sometimes it's difficult to hold back heavy urges to burn myself or others. Though holding back didn't work very long and I now have marks from either dripping hot wax onto myself or holding my hand above flames.   My mother and friends have called me names because of it.. ""Weirdo"" ""Pyroboy"" ""Firehead""   How do I know when far is too far? Im not really sure whether I WANT help or not, but at what point should I seek it?",0.8988,positive,hopeful,0,1
670,MentalHealthSupport,Pyromania?..,eMarchHare_,2,"Honestly, with what what your talking about and the potential for harm to others, I mean do you really want to end up killing someone else? Not to mention prison ? Come on ,the hospital is not that bad! Been there, done that.",0.2256,positive,guilty,0,1
670,MentalHealthSupport,Pyromania?..,_HiddenMask_,3,"Assuming  (just to be safe) when/if the therapy would ever happen not to have helped, what would the next step be? What reccomendations would you have..?",0.504,positive,sentimental,0,1
48,MentalHealthSupport,25 No job No car no money no insurance.,Veeshera,1,I am in serious need of medical help.  Im hearing voices telling me to do horrible things and they keep getting louder.  I dont have insurance and dont have a job so i cant pay a dime to anyone.  I dont have a car or anyone to take me so i need transportation.  My parents have told me already if i need to go to a hospital and they get a bill they would suee me for it.  I dont know what to do im crying and having anxiety attacks.  Im worried im going to hurt someone and its getting very hard to speak.   I need help i cant pay a cent and im about to kill myself if i dont get help.  i need help badly and they wont shut up.  if my mind keeps going on like this i will steal my neighbors shotgun and kill my parents then kill myself i cant take it anymore i cant do this anymore.  ,-0.9834,negative,anticipating,0,1
48,MentalHealthSupport,25 No job No car no money no insurance.,FILIPANESE,2,You can try community mental health it's funded by the state. You also try getting state insurance. ,0.0,neutral,hopeful,0,1
48,MentalHealthSupport,25 No job No car no money no insurance.,Veeshera,3,this is my last chance at hope.  Ive tried every online chat to try and help with this and it keeps getting worse they keep getting louder.  ,0.5423,positive,lonely,0,1
2347,MentalHealthSupport,Should I even keep trying to improve my grades? (And over shenanigans),OWLINGMOON90,1,"Well I‚Äôve kinda hit a wall at the moment. I‚Äôve been getting low grades no matter how hard I try, I suffering from limitations. To make it worse I spend most of my time by myself at school and kept up in the solitude of my room. And yeah it‚Äôs lonely, I‚Äôm an introvert but I‚Äôm just so damn lonely. I know that I have a girlfriend who loves me but why isn‚Äôt she here when I need her the most. I don‚Äôt blame her I just wish I could just let her know, if I do, I don‚Äôt know if she‚Äôll listen or care and that‚Äôs what I‚Äôm scared about. That‚Äôs why I can‚Äôt message her. I‚Äôm scared even more because if I‚Äôm not open with communication in my relationship I risk losing her. I don‚Äôt know what to do I‚Äôm lost (mentally) and im scared and yet again I have no one to talk to. I don‚Äôt want to have another depressive season, it‚Äôs one of the most important years, year 12, for me. It reflects my future career. I just cant get depressed again and I‚Äôm scared if I do I‚Äôll lose all that I worked for.",-0.9834,negative,anticipating,1,1
2347,MentalHealthSupport,Should I even keep trying to improve my grades? (And over shenanigans),olivedamage,2,Are you able to seek help through a therapist or see if a guidance counselor can inform you of options in the area?,0.4019,positive,sentimental,1,1
2347,MentalHealthSupport,Should I even keep trying to improve my grades? (And over shenanigans),OWLINGMOON90,3,Thankyou for sharing that üôè,0.4215,positive,faithful,1,1
693,MentalHealthSupport,Free Mental Health Resource,you_are_marvelous,1,Am I allowed to post a free mental health resource on here? I can't find the community rules or guidelines so I don't know if it's allowed.   &amp;#x200B;  Thanks for any help you can provide! :),0.9041,positive,faithful,0,0
693,MentalHealthSupport,Free Mental Health Resource,shilgiia,2,Dunno about the sub rules but thank you for your kindness. üòÉ,0.8885,positive,sentimental,0,0
693,MentalHealthSupport,Free Mental Health Resource,you_are_marvelous,3,You‚Äôre welcome!   Would you like to know about it? Maybe you could DM me until I get the green light that it‚Äôs okay to post on here.,0.7712,positive,sentimental,0,0
1838,MentalHealthSupport,The Parts No one tells you,NootNoot362,1,"The parts no one tells you  The thing with depression,  is the parts no one tells you about. They tell you you‚Äôll have good and bad days. They don‚Äôt tell you how dark and lonely the bad ones are, or how isolated and scared they make you feel. They tell you, you might have trouble sleeping. They don‚Äôt tell you about all the 3am breakdowns you‚Äôll endure, or how everything seems worse at night. They tell you, you may loose your appetite. They don‚Äôt tell you about the days that you don‚Äôt even have the energy to eat, or how sick food can make you feel. They tell you, you‚Äôll be tired sometimes. They don‚Äôt tell you how it doesn‚Äôt matter how much you sleep you‚Äôll always feel exhausted, or that some days you‚Äôll be so tired even brushing your hair is a mountain to climb. They tell you, you may become distant from others. They don‚Äôt tell you it‚Äôs because you feel unworthy enough to enjoy the company of others, or how sometimes you just can‚Äôt face the world. They tell you, you might feel the need to harm yourself. They don‚Äôt tell you about the shame you feel as you purposely hurt your body, or the need to have some control over your life as it spirals - even if that way is inflicting pain.  These are just some of the parts of depression no one tells you about, but the parts people should know.",-0.9801,negative,guilty,1,1
1838,MentalHealthSupport,The Parts No one tells you,Tibbersbear,2,Dealing with a really bad day today...I was trying to find an article that says basically all this because I needed some validation... Thank you for writing it down. I feel guilty on days like this because of how shitty I feel and how hard it is to get out of this feeling....,-0.7156,negative,embarrassed,1,1
1838,MentalHealthSupport,The Parts No one tells you,NootNoot362,3,"I totally understand, I‚Äôm having a really bad time as well, as bad as I‚Äôve ever been. I feel so guilty and ashamed of myself for being this way and not being able to stop it. Please remember that you‚Äôre not alone, I know it seems like you are because I feel the same..but we‚Äôre fighting a battle and the least we can do is fight it together in any way we can. If you ever need to talk or vent, please message me. It‚Äôs a safe space with someone who understands and there‚Äôs no judgement ‚ù§Ô∏è",-0.9265,negative,anxious,1,1
3183,MentalHealthSupport,Someone please talk to me,ilovecatswastaken,1,"I'm sitting here balling wanting my self harm ideation to go away while listening to my son play with his dad in the other room. I'm depressed and I've been numbly depressed for months and these past two days I just cant stop crying and having intrusive thoughts of making myself vanish. Im doing everything I can to remind myself that this is just my depression and I was happy and content three days ago. But I feel so alone. Once everyone is used to you being a mental instability, they tend not to care when an episode hits full force. My son is the only thing keeping me from acting on these thoughts.  I love him and I love myself and I dont want to feel like this anymore. Someone please have some chit chat with me?",0.8508,positive,anxious,1,1
3183,MentalHealthSupport,Someone please talk to me,Maddybear167,2,If you want a friend to rant to I‚Äôm hereüíñ I know the feeling,0.8402,positive,sentimental,1,1
3183,MentalHealthSupport,Someone please talk to me,ilovecatswastaken,3,"Hey everyone. Just wanted to update. I'm doing alright. Had a lot of people reach out to me, and then I got busy with my day. I'll be replying to everyone tomorrow.  Thank you so so much. All of your comments and messages helped me keep my head up all afternoon. Yes I'm on my meds, yes I have a therapist, and yes I use my coping mechanisms. I just wanted someone to talk to at a low point. You are all amazing. Talk to you soon.",0.9246,positive,lonely,1,1
1227,MentalHealthSupport,I think I have anxiety but I‚Äôm not sure,Di1202,1,"I basically have a permanent knot in my stomach that goes away for like maybe 30 mins and then it comes back. I find myself waking up in the middle of the night with a sinking feeling in my stomach and worrying about something that happened months ago. A week or two ago, I texted my friend at 3 in the morning that I was sorry I did something (this was after I‚Äôd apologized profusely and she‚Äôd forgiven me and we were still great friends for literal months). And a lot of times, if I‚Äôm talking about anything remotely worrying, I‚Äôll start shivering and sweating. I don‚Äôt know if these are normal things that everybody experiences and I‚Äôm making a big deal out of nothing or if I should look into them.",0.9217,positive,embarrassed,1,1
1227,MentalHealthSupport,I think I have anxiety but I‚Äôm not sure,K_on_reddit,2,"As a person who has struggled with anxiety, I can't tell you whether or not you do have anxiety (as mental health is obviously personal for each person.)  HOWEVER, some of the things you have described do align with how i felt (i.e: the knots and the late night worrying.)  I think that consulting with a therapist would be beneficial for you, as they can sometimes diagnose you and give you coping techniques.  If you find the right therapist, therapy is one of the best options before the anxiety gets worse.  My anxiety is a lot less worse now after therapy.  I have never been so grateful for such an opportunity!    I wish you all the best and hope that helped!  Reddit is always here if you need &lt;3",0.892,positive,embarrassed,1,1
1227,MentalHealthSupport,I think I have anxiety but I‚Äôm not sure,Di1202,3,"Thank you! I‚Äôll try to get some help once I move out to go to college. Right now, Reddit‚Äôs the closest thing I have to a therapist :)",0.8172,positive,sentimental,1,1
1227,MentalHealthSupport,I think I have anxiety but I‚Äôm not sure,K_on_reddit,4,"if you ever experience an attack or anything, my pms are always open and 100% judgement free! happy to help/give you the techniques my therapist gave me any time if you are unable to get help atm :)",0.8718,positive,sympathizing,1,1
1227,MentalHealthSupport,I think I have anxiety but I‚Äôm not sure,Di1202,5,Thank you! I really appreciate it!,0.725,positive,sentimental,1,1
1227,MentalHealthSupport,I think I have anxiety but I‚Äôm not sure,K_on_reddit,6,any time (:,0.4939,positive,grateful,1,1
2098,MentalHealthSupport,I can't sleep most nights.,spoooooonsss,1,"I'm basically looking for some tips on how to easily fall asleep. I can't sleep most nights because of a lot of mental noise. What tends to happen is that, when I don't talk to people, my brain starts to develop different personas to recuperate for the lack of social groups I experience in my daily life. And now, with this whole quarantine going on, it had only gotten worse. I find myself constantly unable to fall asleep due to the amount of noise caused by the conversations and arguments being had by these different personas. I've tried melatonin, but for some reason, it just has the opposite effect on me. Do you guys have any methods that might help?",0.1779,positive,lonely,0,1
2098,MentalHealthSupport,I can't sleep most nights.,Jenglifer,2,"I have had terrible sleep patterns my whole life. I will either not sleep or sleep too much, and 90% of the time when I shut my eyes, my brain shouts back at me. I've tried melatonin, valerian, and some other stuff I can't really remember. The only thing that seems to work these days is sticking on YouTube or an audiobook and shutting my eyes. The talking makes my mind listen, and if it's something I've seen/heard a million times before, it knocks me out within an hour or two, which is practically miraculous for me. I'm not a professional, or any kind of sleep expert, just someone who suffers with severe intrusive thoughts. Edit: from what I understand about melatonin, it fills a gap in your serotonin production that can be caused by non-trauma based depression, which is why it works on my flatmate but not me (I have trauma based, and she's a pharmaceutical science student and I got this info from her).",-0.8735,negative,guilty,0,1
2098,MentalHealthSupport,I can't sleep most nights.,spoooooonsss,3,"I haven't ever been diagnosed with anything, and I probably won't until I'm no longer a minor, I just need some tips so that I can get through this and get a good night's rest.",0.5842,positive,grateful,0,1
398,MentalHealthSupport,Ovwhelmed and lack of motivation,fake_zealer,1,"I have a lot going on in my life. I'm 17 years old and I'm currently in foster care. I just got admitted to university this past week, I'm struggling with a couple of my highschool classes, and I'm dealing with the trauma of my past. (You gotta be in foster care for a reason.)   I've been in foster care for over a while (it'll be a year in march) and I say I've been handling things pretty well. I have only had less than a handful of instances where I broke down and cried.   But since I got admitted into university all of that has pretty much changed. I've been hit full on in the face with reality and its super hard. I've found that I have no real motivation for life other than ensuring my future happens. It's hard for me to get homework done and for me to keep trudging on.   I've just been so overwhelmed that I'm really depressed and have been feeling suicidal. I'm barely holding onto my sanity by a mere few threads.   Like just tonight, I had finished cooking dinner for my family and I sat down to eat. I had my headphones on and was watching youtube. But my foster mom a few feet away was shrillingily talking super loud. She just wouldn't shut up and it just sent me over the brim. (Plus my younger sister was just super sassy with me.) I ended up rushing up the stairs only to cry my eyes out, totally freaked out.  Normally shit like that wouldn't upset me but the noise just totally overwhelmed me.  I have a good relationship with my foster parents and I'm normally super open to talking with them, but I'm scared to mention the suicidal part to my foster parents because that is taken super seriously.   I just don't know what to do. I'm currently in therapy but its biweekly and doesn't do much. Does anyone have any advice for finding motivation as well as helping with the overwhelming feeling? ",0.9549,positive,embarrassed,1,1
398,MentalHealthSupport,Ovwhelmed and lack of motivation,sillygirltrixr4me,2,"You sound like you've got your head in a good place for a 17 yo. This may sound like malarkey but you should check out the law of attraction reddit page &amp; check out abraham hicks/esther hicks youtube.  There is so much positivity in that community. Whenever I'm feeling down, I check out the page &amp; read, and soon I feel better.  Meditation works too. 20 minutes a day, clear your mind &amp; calm your soul. Takes a bit to get meditation right (place, time, music or not, guided or not). Find videos you enjoy on youtube - big selection.   You're doing good from what I see. You're on your way to university and from there, a whole new exciting world. ",0.9897,positive,confident,1,1
398,MentalHealthSupport,Ovwhelmed and lack of motivation,fake_zealer,3,Im pretty new to reddit so thank you for the recommendations!!   ,0.7921,positive,sympathizing,1,1